Country;x;y;size
France;2.3488000;48.8534100;1
Belgique;48.8534100;2.3488000;0.5
Chine;108;1;0.0003149387
Suede;109;1;0.0003149387
Coree;133;1;0.008578668
EU;110;1;0.0003149387
Royaume-Uni;112;1;0.0003149387
