Country;x;y;size
France;102;1;0.0003149387
Belgique;103;1;0.0003149386
Chine;108;1;0.0003149387
Suede;109;1;0.0003149387
Coree;133;1;0.008578668
EU;110;1;0.0003149387
Royaume-Uni;112;1;0.0003149387
